inc,m,f,t,csr,Hk,X
1.741734,415,430,845,0.9651163,-0.0177515,422.5
1.916778,374,380,754,0.9842106,-0.0079575,377
2.268117,439,395,834,1.111392,0.0527578,417
2.282666,543,517,1060,1.05029,0.0245283,530
2.29102,345,313,658,1.102236,0.0486322,329
2.315638,565,446,1011,1.266816,0.1177052,505.5
2.346767,268,237,505,1.130802,0.0613861,252.5
2.930738,328,277,605,1.184116,0.0842975,302.5
3.054072,220,190,410,1.157895,0.0731707,205
3.113357,272,240,512,1.133333,0.0625,256
